Last Name,First Name,Email,Year
Woodcock,Luke,woodcock@mit.edu,2
Farooq,Ashar,afarooq@mit.edu,2
Markland,Kyle,markland@mit.edu,3
Mokry,Keith,kgmokes@mit.edu,3
Wilke,Jordan,wilke18@mit.edu,2
Tri,Eeshan,eeshan@mit.edu,2
Avendano,Brian,onadneva@mit.edu,2
Marshall,Ivan,imars23@mit.edu,2